Workbook

Sheet retail_sales_dataset
A1: Transaction ID | B1: Date | C1: Customer ID | D1: Gender | E1: Age | F1: Product Category | G1: Quantity | H1: Price per Unit | I1: Total Amount
A2: 1 | B2: 45254 | C2: CUST001 | D2: Male | E2: 34 | F2: Beauty | G2: 3 | H2: 50 | I2: 150
A3: 2 | B3: 44984 | C3: CUST002 | D3: Female | E3: 26 | F3: Clothing | G3: 2 | H3: 500 | I3: 1000
A4: 3 | B4: 44939 | C4: CUST003 | D4: Male | E4: 50 | F4: Electronics | G4: 1 | H4: 30 | I4: 30
A5: 4 | B5: 45067 | C5: CUST004 | D5: Male | E5: 37 | F5: Clothing | G5: 1 | H5: 500 | I5: 500
A6: 5 | B6: 45052 | C6: CUST005 | D6: Male | E6: 30 | F6: Beauty | G6: 2 | H6: 50 | I6: 100
A7: 6 | B7: 45041 | C7: CUST006 | D7: Female | E7: 45 | F7: Beauty | G7: 1 | H7: 30 | I7: 30
A8: 7 | B8: 44998 | C8: CUST007 | D8: Male | E8: 46 | F8: Clothing | G8: 2 | H8: 25 | I8: 50
A9: 8 | B9: 44979 | C9: CUST008 | D9: Male | E9: 30 | F9: Electronics | G9: 4 | H9: 25 | I9: 100
A10: 9 | B10: 45273 | C10: CUST009 | D10: Male | E10: 63 | F10: Electronics | G10: 2 | H10: 300 | I10: 600
A11: 10 | B11: 45206 | C11: CUST010 | D11: Female | E11: 52 | F11: Clothing | G11: 4 | H11: 50 | I11: 200
A12: 11 | B12: 44971 | C12: CUST011 | D12: Male | E12: 23 | F12: Clothing | G12: 2 | H12: 50 | I12: 100
A13: 12 | B13: 45229 | C13: CUST012 | D13: Male | E13: 35 | F13: Beauty | G13: 3 | H13: 25 | I13: 75
... A1001: 1000 | B1001: 45028 | C1001: CUST1000 | D1001: Male | E1001: 47 | F1001: Electronics | G1001: 4 | H1001: 30 | I1001: 120

Sheet dataset_understanding
A1: Dataset Understanding

Sheet cleaned_data
A1: Transaction ID | B1: Date | C1: Customer ID | D1: Gender | E1: Age | F1: Product Category | G1: Quantity | H1: Price per Unit | I1: Total Amount | J1: Calculated Total | K1: Amount Check
A2: 1 | B2: 45254 | C2: CUST001 | D2: Male | E2: 34 | F2: Beauty | G2: 3 | H2: 50 | I2: 150 | J2: =Table1[[#This Row],[Quantity]]*Table1[[#This Row],[Price per Unit]] -> 150 | K2: =IF(Table1[[#This Row],[Calculated Total]]=Table1[[#This Row],[Total Amount]],"Correct","Check") -> Correct
A3: 2 | B3: 44984 | C3: CUST002 | D3: Female | E3: 26 | F3: Clothing | G3: 2 | H3: 500 | I3: 1000 | J3: =Table1[[#This Row],[Quantity]]*Table1[[#This Row],[Price per Unit]] -> 1000 | K3: =IF(Table1[[#This Row],[Calculated Total]]=Table1[[#This Row],[Total Amount]],"Correct","Check") -> Correct
A4: 3 | B4: 44939 | C4: CUST003 | D4: Male | E4: 50 | F4: Electronics | G4: 1 | H4: 30 | I4: 30 | J4: =Table1[[#This Row],[Quantity]]*Table1[[#This Row],[Price per Unit]] -> 30 | K4: =IF(Table1[[#This Row],[Calculated Total]]=Table1[[#This Row],[Total Amount]],"Correct","Check") -> Correct
A5: 4 | B5: 45067 | C5: CUST004 | D5: Male | E5: 37 | F5: Clothing | G5: 1 | H5: 500 | I5: 500 | J5: =Table1[[#This Row],[Quantity]]*Table1[[#This Row],[Price per Unit]] -> 500 | K5: =IF(Table1[[#This Row],[Calculated Total]]=Table1[[#This Row],[Total Amount]],"Correct","Check") -> Correct
A6: 5 | B6: 45052 | C6: CUST005 | D6: Male | E6: 30 | F6: Beauty | G6: 2 | H6: 50 | I6: 100 | J6: =Table1[[#This Row],[Quantity]]*Table1[[#This Row],[Price per Unit]] -> 100 | K6: =IF(Table1[[#This Row],[Calculated Total]]=Table1[[#This Row],[Total Amount]],"Correct","Check") -> Correct
A7: 6 | B7: 45041 | C7: CUST006 | D7: Female | E7: 45 | F7: Beauty | G7: 1 | H7: 30 | I7: 30 | J7: =Table1[[#This Row],[Quantity]]*Table1[[#This Row],[Price per Unit]] -> 30 | K7: =IF(Table1[[#This Row],[Calculated Total]]=Table1[[#This Row],[Total Amount]],"Correct","Check") -> Correct
A8: 7 | B8: 44998 | C8: CUST007 | D8: Male | E8: 46 | F8: Clothing | G8: 2 | H8: 25 | I8: 50 | J8: =Table1[[#This Row],[Quantity]]*Table1[[#This Row],[Price per Unit]] -> 50 | K8: =IF(Table1[[#This Row],[Calculated Total]]=Table1[[#This Row],[Total Amount]],"Correct","Check") -> Correct
A9: 8 | B9: 44979 | C9: CUST008 | D9: Male | E9: 30 | F9: Electronics | G9: 4 | H9: 25 | I9: 100 | J9: =Table1[[#This Row],[Quantity]]*Table1[[#This Row],[Price per Unit]] -> 100 | K9: =IF(Table1[[#This Row],[Calculated Total]]=Table1[[#This Row],[Total Amount]],"Correct","Check") -> Correct
A10: 9 | B10: 45273 | C10: CUST009 | D10: Male | E10: 63 | F10: Electronics | G10: 2 | H10: 300 | I10: 600 | J10: =Table1[[#This Row],[Quantity]]*Table1[[#This Row],[Price per Unit]] -> 600 | K10: =IF(Table1[[#This Row],[Calculated Total]]=Table1[[#This Row],[Total Amount]],"Correct","Check") -> Correct
A11: 10 | B11: 45206 | C11: CUST010 | D11: Female | E11: 52 | F11: Clothing | G11: 4 | H11: 50 | I11: 200 | J11: =Table1[[#This Row],[Quantity]]*Table1[[#This Row],[Price per Unit]] -> 200 | K11: =IF(Table1[[#This Row],[Calculated Total]]=Table1[[#This Row],[Total Amount]],"Correct","Check") -> Correct
A12: 11 | B12: 44971 | C12: CUST011 | D12: Male | E12: 23 | F12: Clothing | G12: 2 | H12: 50 | I12: 100 | J12: =Table1[[#This Row],[Quantity]]*Table1[[#This Row],[Price per Unit]] -> 100 | K12: =IF(Table1[[#This Row],[Calculated Total]]=Table1[[#This Row],[Total Amount]],"Correct","Check") -> Correct
A13: 12 | B13: 45229 | C13: CUST012 | D13: Male | E13: 35 | F13: Beauty | G13: 3 | H13: 25 | I13: 75 | J13: =Table1[[#This Row],[Quantity]]*Table1[[#This Row],[Price per Unit]] -> 75 | K13: =IF(Table1[[#This Row],[Calculated Total]]=Table1[[#This Row],[Total Amount]],"Correct","Check") -> Correct
... A1001: 1000 | B1001: 45028 | C1001: CUST1000 | D1001: Male | E1001: 47 | F1001: Electronics | G1001: 4 | H1001: 30 | I1001: 120 | J1001: =Table1[[#This Row],[Quantity]]*Table1[[#This Row],[Price per Unit]] -> 120 | K1001: =IF(Table1[[#This Row],[Calculated Total]]=Table1[[#This Row],[Total Amount]],"Correct","Check") -> Correct

Sheet data_quality_check
A1: Data Quality Check

Sheet basic_analysis
A1: Basic Analysis
A4: 1 | B4: Total sales amount | C4: =SUM(cleaned_data!I:I) -> 456000
A5: 2 | B5: Average sales amount | C5: =AVERAGE(cleaned_data!I:I) -> 456
A6: 3 | B6: Minimum sales amount | C6: =MIN(cleaned_data!I:I) -> 25
A7: 4 | B7: Maximum sales amount | C7: =MAX(cleaned_data!I:I) -> 2000
A8: 5 | B8: Total quantity sold | C8: =SUM(cleaned_data!G:G) -> 2514
A9: 6 | B9: Average customer age | C9: =AVERAGE(cleaned_data!E:E) -> 41.392
A10: 7 | B10: Youngest customer age | C10: =MIN(cleaned_data!E:E) -> 18
A11: 8 | B11: Oldest customer age | C11: =MAX(cleaned_data!E:E) -> 64
A12: 9 | B12: Total number of transactions | C12: =COUNT(cleaned_data!A:A) -> 1000
A13: 10 | B13: Total number of unique product categories | C13: 3
A15: Product Category Total Sales
A17: 1 | B17: Beauty | C17: =SUMIF(cleaned_data!F:F,"Beauty",cleaned_data!I:I) -> 143515
A18: 2 | B18: Clothing | C18: =SUMIF(cleaned_data!F:F,"Clothing",cleaned_data!I:I) -> 155580
A19: 3 | B19: Electronics | C19: =SUMIF(cleaned_data!F:F,"Electronics",cleaned_data!I:I) -> 156905
A21: Product Category Total Quantity Sold
A23: 1 | B23: Beauty | C23: =SUMIF(cleaned_data!F:F,"Beauty",cleaned_data!G:G) -> 771
A24: 2 | B24: Clothing | C24: =SUMIF(cleaned_data!F:F,"Clothing",cleaned_data!G:G) -> 894
A25: 3 | B25: Electronics | C25: =SUMIF(cleaned_data!F:F,"Electronics",cleaned_data!G:G) -> 849
A27: Sales by Gender
A29: 1 | B29: Male | C29: =SUMIF(cleaned_data!D:D, "Female", cleaned_data!I:I) -> 232840
A30: 2 | B30: Female | C30: =SUMIF(cleaned_data!D:D, "Male", cleaned_data!I:I) -> 223160

Sheet sorting_and_filtering
A1: Sorting and Filtering Screenshots
A3: 1 | B3: Show only transactions where Product Category is Clothing.
A34: 2 | B34: Show only transactions where Gender is Female.
A65: 3 | B65: Show only transactions where Quantity is greater than 2.

Sheet charts
A1: Retail Sales Dashboard

Sheet Observations
A1: Observations
